{
  "members": [
    {
      "firstName": "John",
      "lastName": "Doe",
      "team": "Deutsche Tourenwagen Masters - Car 118",
      "jobTitle": "Driver",
      "status": "Active",
      "id": 1
    },
    {
      "firstName": "John",
      "lastName": "Doe",
      "team": "World Endurance Championship - Car 99",
      "jobTitle": "Driver",
      "status": "Active",
      "id": 5
    },
    {
      "firstName": "1321313",
      "lastName": "D312313oe",
      "team": "World Rally Championship - Car 90",
      "jobTitle": "1231",
      "status": "Active",
      "id": 9
    },
    {
      "firstName": "sfsdg",
      "lastName": "dfgdh",
      "team": "Formula 2 - Car 63",
      "jobTitle": "fghjfgj",
      "status": "Active",
      "id": 10
    },
    {
      "firstName": "vvvv",
      "lastName": "vvv",
      "team": "Formula 2 - Car 54",
      "jobTitle": "vvv",
      "status": "Active",
      "id": 11
    },
    {
      "firstName": "fsdgd",
      "lastName": "dfhfgh",
      "team": "Deutsche Tourenwagen Masters - Car 118",
      "jobTitle": "fghfgjhfgjgfjgfjg",
      "status": "Active",
      "id": 12
    }
  ],
  "teams": [
    {
      "id": 1,
      "teamNameName": "Formula 1 - Car 77"
    },
    {
      "id": 2,
      "teamName": "Formula 1 - Car 8"
    },
    {
      "id": 3,
      "teamName": "Formula 2 - Car 54"
    },
    {
      "id": 4,
      "teamName": "Formula 2 - Car 63"
    },
    {
      "id": 5,
      "teamName": "Deutsche Tourenwagen Masters - Car 117"
    },
    {
      "id": 6,
      "teamName": "Deutsche Tourenwagen Masters - Car 118"
    },
    {
      "id": 7,
      "teamName": "World Endurance Championship - Car 99"
    },
    {
      "id": 8,
      "teamName": "World Endurance Championship - Car 5"
    },
    {
      "id": 9,
      "teamName": "World Rally Championship - Car 77"
    },
    {
      "id": 10,
      "teamName": "World Rally Championship - Car 90"
    }
  ]
}